{
  "tokens": {
    "PLUSHPEPE": {
      "symbol": "PLUSHPEPE",
      "jetton": "EQCQUbMUqcm6NYr6QdfIl3R3SE28wUpoX51Za604x9BSbA6y",
      "header_file_id": null,
      "created": 1768768913
    },
    "VOLYA": {
      "symbol": "VOLYA",
      "jetton": "EQDz7AtdWnyX2hi9FO3svybgVji2IYp-OQYeVlBPRpA1s2Dz",
      "header_file_id": null,
      "created": 1768769125
    }
  },
  "last_seen": {},
  "pairs": {
    "EQAOkcLROvIMcaXNnp4mE7x9u1eEOJoTrebPBK-UHPTlZbCe": {
      "symbol": "PX",
      "token_address": "EQB420yQsZobGcy0VYDfSKHpG2QQlw-j1f_tPu1J488I__PX",
      "telegram": "https://t.me/notpixel_channel",
      "dex": "stonfi",
      "buyers": {
        "EQDUbPVPaRhj2wvQTrHfXucYnqduPe8INLwXp383VVL20Cf2": 1,
        "EQDFqJicVscW6W4UTrNDAbPbqXqeerzobsBPcWwF1k4_QCOi": 1,
        "EQBKgwSSWTSKY8OW04IUMTs-SKrNP_w3OQW0-LDMhL_Edusf": 1,
        "EQAa2_MUj7QgE3BsBodzK1BkGzLvQQNve8Xl_dqWjT5MZOwr": 1,
        "EQARNYNGnu7-r4oqWCK7iHd4LSeSSCAJTF6xEdcPxdJCO9xG": 1,
        "EQBk_09AxoKeYEBSIMB4NUtD0cxFQpC5peek4HW2pgBH565G": 1,
        "EQBij_pk6mjcqGPhemNE61byul1G1yAj0W4Y4FzREeBLyOu-": 1,
        "EQAgmNwXmYUqZ-N03amTcCOBUGCpwg3TyPU6o3iL3mrt-wpy": 1,
        "EQAY1g9T9yibRoQw-w--JjnZQSaaqxkb16LJXbQZdWEvX8vI": 1,
        "EQATApevHvwvFrCiFia3LVrivbJMCUNqnqWoPmGCx0y6_jbN": 1,
        "EQCny3hrLpZmSOxnqGpN0gE3cKOj-NOrjAg5jiK9Av44nDeQ": 1,
        "EQDySIzGmLMeIZp370QKFM-OaD2PkXweX9uIZvremJufNaIE": 1,
        "EQB0LnxK1GZ7FMZdVAILTtHgAMsgftSQe29KESKxy1tiWjU0": 1,
        "EQAbV8TXgVtZ5bri3BIROgC-k8Jcdn4djx6vpCco7HTpMSx7": 1,
        "EQBTE2fVrjR1zsACmR9-3ca4Ew5UCRp8md_Ov27G9uoraPB4": 1,
        "EQB3G7ExDfFGo2l2xmQUZDFaMM9LvcjJMhgwzpeVoqr2epoU": 1,
        "EQDyH8J41EiDOBb6fCZ4JVcvzW_kYB2mHVV3Mm0kzbd6NxBT": 1,
        "EQDauKgCP-x7tWYvWWlfrOO5QZEXwV3ySyqkxFSFHFYk0RPQ": 1,
        "EQDNe_3C6hHtRE4_VKHntBOKnoSXbMONVT8Ya8TQEhl0xv5A": 4,
        "EQDR38zQ5PzOpu7BTZ1cxjnVOkc33Lcy6iohhICduOo3tu0d": 1,
        "EQCjV4YwS4JWrk_pY7obQSXtvNX_XND0xKdAA8ogycrzmR7L": 2,
        "EQAW1JsVtmrgTZV5zmEHBIv2Q60gC16RZgPLRmclI6735UgG": 1,
        "EQA2by9AfuHle9B6vq-dNkSc9a7ARzAKSs8C-GdJxeVeSYZH": 1,
        "EQDovCq-HVGImGYqFXRusgMM-1e3-zras6f-o8Ay_weZbt5K": 1,
        "EQDtZQ0arq5vtGnzcP333dL18NqXl1LA5UPvNCaIdO24f5zy": 1,
        "EQA-Sc6VXXVuzcG2HoXEXzpt2-thvHJd9Miis_1XZwncrRNM": 5,
        "EQBD1KjJPsgPetn8tl6fzDEys3aki8mgxnxeH1LjfTJuHmBB": 1
      },
      "last_buy_ts": 1769109246,
      "ton_index": 1,
      "ton_leg": 1
    },
    "EQBsfjI_Q3kKWcsXXateQqOCcc9hZ6pe2FNouWimyHG-4HDK": {
      "symbol": "TEW",
      "token_address": "EQDcfWLF6mBM9C2ISiNQp5AT6xfQzzcSKWA4Rbq5VMi3t9ic",
      "telegram": "https://t.me/+PL-bI3cmAqFiM2E1",
      "dex": "stonfi",
      "buyers": {}
    },
    "EQDvfKmyzqW2rpiF8CFSxd1pTF2N8slolDxW5ulf0TBxAcfc": {
      "symbol": "MBURNS",
      "token_address": "EQDk19En6RG4YS40BI3h02iGYss3TXvV5DqAWf6BMXs9p-Ms",
      "telegram": "https://t.me/SpyTonTrending",
      "dex": "stonfi",
      "buyers": {
        "EQApyZGjtvzsPOUx4icniHPHut364cIZOOQ8g0AUu7uBtfeW": 1,
        "EQC2pkMn-qlqKbdiRpLjGAVBT884olSdtEEXtX5UTdYGOUIj": 1
      },
      "ton_leg": 1
    },
    "EQAEpn1JNund5_ZyVr9Tt6zFmjaerqsnHrt-ZYyJbMjIJlpQ": {
      "symbol": "APU",
      "token_address": "EQAoXv44WiabFDXrdONz5Jj6vnMHEtnwcbSrLf6I-PbsqiNZ",
      "telegram": "https://t.me/ApuFrensonTON",
      "dex": "stonfi",
      "buyers": {
        "EQDq0ZkyAQgZ7yAevTalzAUsN8JYiIIHvxCirBjWvHZHcJBP": 1
      },
      "ton_leg": 1
    },
    "EQCcD96ywHvlXBjuf4ihiGyH66QChHesNyoJSQ6WKKqob3Lh": {
      "symbol": "DOGS",
      "token_address": "EQCvxJy4eG8hyHBFsZ7eePxrRsUQSFE_jpptRAYBmcG_DOGS",
      "telegram": "https://t.me/dogs",
      "dex": "stonfi",
      "buyers": {},
      "ton_index": 1,
      "ton_leg": 1
    },
    "EQA6iSEwPMemyd2I3QNnLU2dHUNdW_7Y3wrQ3YKVUEIwscrP": {
      "symbol": "VOLYA",
      "token_address": "EQDz7AtdWnyX2hi9FO3svybgVji2IYp-OQYeVlBPRpA1s2Dz",
      "telegram": "https://t.me/volya_ton",
      "dex": "stonfi",
      "buyers": {
        "EQDo9p9hkJCCcKMSZ3liYly0ZsdihHw-gRUNkH9AdfIwgR9b": 2,
        "EQDcRyQLUTFULAa1O_PRtr9oGLsVwSPfs_epr6ubn36oqTCC": 1,
        "EQAm-54nknZ37xnZdluKpvd301BLOK060WXj9m3Ma0fzy-pN": 1,
        "EQAmXhkZO5bOw1J5LkklNM441zKlO-87eRx87rm3q10PjE1-": 1,
        "EQAnL3PL5GxTXy95UqBFvXsG6mN9re1mqcsX5_KBvFN1Mo0d": 1,
        "EQBvWJGDOykdsI6PayZTF5cPCClcphbuS0Q5kDDpoMtYrqtl": 1
      },
      "ton_index": 1,
      "ton_leg": 1
    },
    "EQBCwe_IObXA4Mt3RbcHil2s4-v4YQS3wUDt1-DvZOceeMGO": {
      "symbol": "REDO",
      "token_address": "EQBZ_cafPyDr5KUTs0aNxh0ZTDhkpEZONmLJA2SNGlLm4Cko",
      "telegram": "https://t.me/redotoken",
      "dex": "stonfi",
      "buyers": {
        "EQAvPtEcvvCwOg_wfUg5V5SF2EBKrM42X22gleEg3v6pzOKn": 1,
        "EQA-Sc6VXXVuzcG2HoXEXzpt2-thvHJd9Miis_1XZwncrRNM": 3,
        "EQBTE2fVrjR1zsACmR9-3ca4Ew5UCRp8md_Ov27G9uoraPB4": 3,
        "EQDNe_3C6hHtRE4_VKHntBOKnoSXbMONVT8Ya8TQEhl0xv5A": 1,
        "EQAGTMjJnsMa86DCHs521X60h33I_7r8ccDLdKdUXFOzNYts": 1,
        "EQAG09R1WwGjX0WTSYrsMzWPdIcTb-jHfM-6yivFShh1Bq8H": 1,
        "EQBBtMZF_T7LA6ZLrCOEhuOeddzPkOPFeI5bLrNF32FniBsW": 1,
        "EQDfKcP7WIWfvlOb-qZowNkuydKHIf6lrY7R3_FGDUzADcSk": 1,
        "EQATKLqa9fgxh0je-eXlJkX0c2OpPq6jG56PRsM3SCQKeSE-": 1,
        "EQDmr7dzT1wul-h862VkK7rtH6qOwkOb-nJGuYAuh4S3ByiP": 1,
        "EQB9giygscSJ6f4pSppEQZao3D4DD7nSL42agpiZTUjC0UFq": 1,
        "EQCAP_Ivm4269yYxg-kYtORnE5H_oIUb3wwAlflGfI1wGrRM": 1,
        "EQALNRv7uhWJE5tdDvMA_wjBNirocF3LwNPzy0_0cnGYyTpx": 1,
        "EQDinIqT7sxVJNTXyo0dIl8WfOxpYC13_jgWBnow96UgUX-Z": 1,
        "EQBbPPAIMUUZe0qEMyZ52xrUM8zjT9rY0cjq5wcyLi7a857Y": 1,
        "EQDxHOVqV3vbCJGkmeCEh5M8yLxi1GfpyoCsHJCK1bWqPp7R": 1
      },
      "ton_index": 1,
      "last_buy_ts": 1769108884,
      "ton_leg": 1
    },
    "EQA4Y4PJcx8ytBB6OU0VjIlyHrWjNTktuvHRY1D9OEnsxBBK": {
      "symbol": "PEPE",
      "token_address": "EQCXzO7HhoK5fDQuCONE43l8-Qsreq5zq89ZVNhEna24eK-h",
      "telegram": "https://t.me/pepecoin_ton",
      "dex": "stonfi",
      "buyers": {
        "EQDO3mjfmy5mYsZ7QE5NxdXKk3CurrqD_ZhvOuX8zpTDO4T8": 1,
        "EQAUop6OuHdfjMUE6g-yNYEtNcu7wmOU4yjX990rThhXAFMI": 1
      },
      "ton_leg": 1
    },
    "EQAG-XNIlMd5ob5jQTPLYf0T-kw_7hRIxG9oPqj1hZXP1N5P": {
      "symbol": "LABR",
      "token_address": "EQDsjxmRt6uL0wc5PzEQDy-Q5wFOqV5ZP86l3Cy1mLjiqyJE",
      "telegram": "https://t.me/labrador_labr_ru",
      "dex": "stonfi",
      "buyers": {
        "EQCfkui2ql6grv7HSKGHAq5AqOzj-lH0icsEv2hwdxNt_RIG": 10,
        "EQB1LmTYKQCVeNy5REX9SAMAmHMvlNsjHoaB21VMOfj-FSS5": 1,
        "EQDBu4MwbignVmSAd9Io5o99Db9d5d9jF9nNFj8Zsik7XPXA": 1,
        "EQAC_JAPwPx5q_Q1eIADBbBAMTMCNgLtk2X7aL8nknd_-r4a": 2,
        "EQAC7LEGJtDZ3NqfhXOZ0nG2bSZ8bRhaL66fYx9r1ofd6hsA": 2
      },
      "ton_index": 1,
      "last_buy_ts": 1769108604,
      "ton_leg": 1
    },
    "EQB-2nOKHN3EHTd82iASHdSbW3QIrjGGPdPYgCtX0okWsd_2": {
      "symbol": "CHERRY",
      "token_address": "EQBKRSNRkeP1-2jcg5T_f__0s5Hj-vrbfNLMQy8dnZs7xd_p",
      "telegram": "https://t.me/HotCherryTG",
      "dex": "stonfi",
      "buyers": {
        "EQCMh9NPGCWfX_l_8tbcLnZpZKtVPyzF1V_jrk6-gqPaTxE7": 1,
        "EQABIUP65i3W-etlcHfi40PFInhROboEE-dekRBw3Bx_lzgX": 1,
        "EQDANZaA2-DtCzLS81X_-zGuA7TIwtYldMQ2TNDV0_JclHPO": 1,
        "EQBtzcxetMCTL5IIjAeDZFJuQQOD5LUi_D-rmKB_RNsLZ-a0": 1,
        "EQAz5lwZqYNdEPe6rjnT4gb-wTtFltYUsvdbS9yFG3on-xXf": 1
      },
      "ton_leg": 1
    },
    "EQDTG1FR2p9buAwsgRPt252a7b1KB0jKNY054UaUgFDorbWK": {
      "symbol": "MAXIMUS",
      "token_address": "EQDwn0ybVxffrio20TST41lvRurPPPfrYH_djGxAExlL7XD0",
      "telegram": "https://t.me/MaximusTrade1",
      "dex": "stonfi",
      "buyers": {
        "EQDJ9SbW2dNl1rpTMB1uG3f3gtS5-MEJdhbjPA8eKDweJG6M": 1,
        "EQAA2sVEZndr7xe2FG5W2ab7fzQUbzpPV6BG_SP5B__21ig5": 2
      },
      "ton_index": 1,
      "last_buy_ts": 1769109305,
      "dex_label": "STON.fi",
      "ton_leg": 1
    },
    "EQBXyg8CGiiNsriRUKFeyMf_4kwV7145uYTzJegDTGGFhlgv": {
      "symbol": "AMBER",
      "token_address": "EQBv2cEJ-T-1GNRdzaY_JYoJvpAISuFHOKmJZPQnoUqEHTlU",
      "telegram": "https://t.me/amberton",
      "dex": "stonfi",
      "buyers": {},
      "ton_leg": 1
    },
    "EQBAKUBvV_ppbcMCPnWQXKfV1IIHtve5ImYA8-wg0hpMzNH8": {
      "symbol": "GOLD",
      "token_address": "EQDv6cYW9nNiKjN3Nwl8D6ABjUiH1gYfWVGZhfP7-9tZskTO",
      "telegram": "https://t.me/SpyTonTrending",
      "dex": "stonfi",
      "buyers": {}
    },
    "EQCO9NDT4Il25_4ZpHIOgMAUbRJvpsI9pLzqhD8X7eTVB7X_": {
      "symbol": "UTYA",
      "token_address": "EQBaCgUwOoc6gHCNln_oJzb0mVs79YG7wYoavh-o1ItaneLA",
      "telegram": "https://t.me/utyaduck",
      "dex": "stonfi",
      "buyers": {
        "EQBAB1AB6hvrFSUQS0CX_AzTZK_K1fS4ITXsmcnK49wvHhdG": 1,
        "EQAM3Bqs3aLESCl_Yn10i8BPSEaKqpphMaJ07NL_u-26RARO": 1,
        "EQBKbN0dP6PsYDGlpFQbDTv0N3RQLXWNOtjVKvwlRjNx6o9l": 1,
        "EQBNBtbnrZr_ubJEjom3zLuS5_foY9FKNJR9-nePlEXopfgN": 1,
        "EQDANZaA2-DtCzLS81X_-zGuA7TIwtYldMQ2TNDV0_JclHPO": 1,
        "EQAVmRo169uvtNSX9YZChL6085rbzLgjoH4u3wnY2AeLtkSy": 1,
        "EQDUSfUdUADJaecNizDK2yYfdpHkuiKtWEsYfBuXcRKYoAqq": 1,
        "EQBdqnX0wLpt40unj14Ic-l9s_FQPzcfGdKyg8F_YtqGRTN7": 1,
        "EQDinIqT7sxVJNTXyo0dIl8WfOxpYC13_jgWBnow96UgUX-Z": 1,
        "EQCmxAFlh_8DBQoIe2tQFGVnwQtxm5M46GOP7MMCeoGlAryb": 1,
        "EQAycgAncudyLgNgFygWjgOS9HNDMDxc-lo7X0jtUS3E_4t2": 1,
        "EQACuFepp5amdrrLSlDRAgoQgWQOrykpWPe6sJnsWG4kmSb-": 1,
        "EQDaCT--NvIlKoC0q1pCE99oyaSnmv0_9kYHzG1jGMrXUpHm": 1,
        "EQAAIwISrOoOo1wyT30_RVfztY3XLWQfvZFGCgooQwFk1aL1": 1,
        "EQARWHZPYT1Qdw1fTqBuDFNT8ElHB9snwXiD4nKKqXEGgnv6": 1,
        "EQAbV8TXgVtZ5bri3BIROgC-k8Jcdn4djx6vpCco7HTpMSx7": 1,
        "EQCwOy7kfoAGQ0QXqt8DKDH3vTAeLpJ7s11TPaz_8l6weaOG": 1
      },
      "ton_leg": 1
    },
    "EQBCYM_YUcVocw45DGVDvTZmxdwFa3acHa8gKkHu7XVpA7ri": {
      "symbol": "CHIP",
      "token_address": "EQBKXkJUeBW-Ws_FWF-LKjdzcbnsc5F1hgCT2CZv__7uUDWQ",
      "telegram": "https://t.me/SpyTonTrending",
      "dex": "stonfi",
      "buyers": {}
    },
    "EQC_8KC8EZha5JRDL8z54etKKkAY4Wpupbnp5_V8uDWAVs2U": {
      "symbol": "PD",
      "token_address": "EQBCDdOHy1Ub6gN1OUd2PpJ8yswkzBsVg56Fi9L8PKSlFkdt",
      "telegram": "https://t.me/Pdcommunitychat",
      "dex": "stonfi",
      "buyers": {
        "EQB2n87RIhGTi9JXjVuedcvUEbf0R5_wC3-vC6dWJB4RubpC": 1,
        "EQBrqdXnjcUQfnzeQ_eGxlQ_lUY6M_eBsz7S0TVS3Y7M_qEZ": 1,
        "EQD4Dk4IH3cJrVaj-U3N3Lb3GWkKZIslquOq5IeLb13pya3S": 1,
        "EQDaxbIamZsOq0NhsgUWpAfX3O5Gsyb3y4PauLKIBr45vTyf": 2,
        "EQDdX739DS5b_M8UllfC6r2BAB90VGx9vdO8AnNIFYTPDVSo": 1,
        "EQCgDXOL1vxLclTE3jPYCtlV37rQmBhN7tqikD7MRRLVrSom": 1,
        "EQBe7soj4is6ue-BpDCUBhaTfMlyQElcb7wnuPwX3_SLZtcv": 1,
        "EQA7czk37yIgFfJ4Pr3bH6DDVqgh-wLQKAEtv1fQtPwLrCY-": 1,
        "EQAYdsEDE3fRPdAIukkkFpwlI4rffgZ9gdyl64zDrGegS0ND": 2,
        "EQCahrCCn3PbmJVxZ_zKszXHk6J_6xJ3pdPk11d7PztBWpNI": 1,
        "EQAycgAncudyLgNgFygWjgOS9HNDMDxc-lo7X0jtUS3E_4t2": 1,
        "EQCgSAvNbO2lam2taM9dlWDFw57aTFRLA7dJdF_U8yC35kVm": 1,
        "EQDyPU2Xhh3GHL9MGm4zMPJIxrioRI9veg_nB57C-PmsYvwF": 1,
        "EQCcRBR9y_AcptSk-MEbkjJ8vxc5fjtHGQG5zFJWtlkdJJkm": 1,
        "EQBSTBCCsoFOptdCqje6NCd3Q_Mc13SZi1HgKOe1xSOfyiQY": 1,
        "EQCrJ0wkOQpSfupE_1_pM8kF2ttkv1AbAq9HwFgffTxq5JUO": 1
      },
      "ton_leg": 1
    },
    "EQDh2lI1swku9j7sCNfG_-oyT_TMsANa72SiZGh2YZlgk9kI": {
      "symbol": "TIM",
      "token_address": "EQDreWvLwamc2cx5liZK1GjquU3ZyMROtnVlpt-KpHdRAiD6",
      "telegram": "https://t.me/This_Is_Me_tonn",
      "dex": "stonfi",
      "buyers": {
        "EQChYBzdSqQQUldkD_6fhspvWOvBlOTvhXmDq7BNLEUKD7wK": 1,
        "EQBp2goep-Bryk8akANjrxTI5_Ip1mCTbdBq0zbw7NnqC_wN": 2,
        "EQA-ItKxtjSlCxjNSW1Ppm6Ty091h5zpISan0ryX2Mj9qXAb": 1,
        "EQA2mWJBL79WBYkDDBJ8NNyaiXoFOFMT3OYdxMWLw1eSC9q9": 2,
        "EQCCcMSEVjjo34NV3DQdSn2U-Luz5Vw4FCvmvtuypYk3juWi": 1,
        "EQCIyu5WW3vM9RTXCYf99cevxA_sAj965p28ULfNbO9f937W": 1,
        "EQAUEeWox_tCcolLlYUJugjc2o8yYMtVdeiC9zbspcfmUHvG": 1
      },
      "ton_leg": 1
    },
    "EQDm9Y7LO11jt_s-svX_oF0MRnrwkEjweYp0fgWFGXzH5KyX": {
      "symbol": "REBUY",
      "token_address": "EQCYAzN6BqHKEwpwKg8e8uczNi08q4PdPVsqZl7WBx-wXu72",
      "telegram": "https://t.me/rebuy_token",
      "dex": "dedust",
      "dex_label": "DeDust",
      "ton_leg": 1,
      "pool": "EQDm9Y7LO11jt_s-svX_oF0MRnrwkEjweYp0fgWFGXzH5KyX",
      "buyers": {
        "EQDAS9NDBHYA83aUcnM4CME_aD0CfGNBy-UKs768kMpcAgrB": 2,
        "EQDw8FjQGxg8nnBQ5q4tAcvwhiYs-E8ao8EhvWoZOHVhpS5P": 1,
        "EQDebT6O1AlKjLxtdq1ya4t2gJq-bYduQfw_BbP81MQhP0Re": 1
      }
    }
  },
  "watch": {
    "unknown:EQCRPUellX4w7knCQqGiqhbNtle0jClOBVlZXdYtsyDgJs0": {
      "source": "unknown",
      "symbol": "PABLO",
      "token_address": "EQCRPUellX4w7knCQqGiqhbNtle0jClOBVlZXdYtsyDgJs0",
      "blum_slug": null,
      "telegram": "https://t.me/SpyTonTrending",
      "raw": "EQCRPUellX4w7knCQqGiqhbNtle0jClOBVlZXdYtsyDgJs0-",
      "approved_early": true,
      "added_ts": 1769103735
    },
    "unknown:EQCO9NDT4Il25_4ZpHIOgMAUbRJvpsI9pLzqhD8X7eTVB7X_": {
      "source": "unknown",
      "symbol": "UTYA",
      "token_address": "EQCO9NDT4Il25_4ZpHIOgMAUbRJvpsI9pLzqhD8X7eTVB7X_",
      "blum_slug": null,
      "telegram": "https://t.me/utyaduck",
      "raw": "EQCO9NDT4Il25_4ZpHIOgMAUbRJvpsI9pLzqhD8X7eTVB7X_",
      "approved_early": false,
      "added_ts": 1769103831
    }
  },
  "forced_ranks": {
    "TEW": 4,
    "REDO": 2,
    "UTYA": 1,
    "REBUY": 4
  },
  "group_mirrors": {}
}