{
  "EQCQUbMUqcm6NYr6QdfIl3R3SE28wUpoX51Za604x9BSbA6y": {
    "symbol": "PLUSHPEPE"
  },
  "EQDz7AtdWnyX2hi9FO3svybgVji2IYp-OQYeVlBPRpA1s2Dz": {
    "symbol": "VOLYA"
  },
  "VOLYA": {
    "address": "EQDz7AtdWnyX2hi9FO3svybgVji2IYp-OQYeVlBPRpA1s2Dz",
    "chat_id": -1003514916889
  },
  "NOT": {
    "address": "EQAvlWFDxGF2lXm67y4yzC17wYKD9A0guwPkMs1gOsM__NOT",
    "last_tx": null,
    "header": "headers/NOT.jpg",
    "chat_id": -1003356510729
  },
  "PX": {
    "address": "EQB420yQsZobGcy0VYDfSKHpG2QQlw-j1f_tPu1J488I__PX",
    "last_tx": null,
    "header": "headers/PX.jpg",
    "chat_id": -1003514916889
  },
  "CATI": {
    "address": "EQD-cvR0Nz6XAyRBvbhz-abTrRC6sI5tvHvvpeQraV9UAAD7",
    "chat_id": -1003356510729
  },
  "BRIN": {
    "address": "EQDkZDOQQMxBiack255j1M4YXTP8FgKTMEMtwy-Exq3gj6Oc",
    "chat_id": -1003514916889
  },
  "PLANE": {
    "address": "EQAX9J60va-0wIDMdqGLRMf7imJvG0Ytyi3Yxnq9y-nbNCq2",
    "chat_id": -1003514916889
  },
  "FBIBANK": {
    "address": "EQD0KpcRMh-sKO2z5-vOjgvFjTT58tO-2Nmvxqg5ocFQFtWz",
    "chat_id": -1003514916889
  },
  "BURNS": {
    "address": "EQDk19En6RG4YS40BI3h02iGYss3TXvV5DqAWf6BMXs9p-Ms",
    "chat_id": -1003356510729
  },
  "REDO": {
    "address": "EQBZ_cafPyDr5KUTs0aNxh0ZTDhkpEZONmLJA2SNGlLm4Cko",
    "chat_id": -1003514916889
  },
  "UTYA": {
    "address": "EQBaCgUwOoc6gHCNln_oJzb0mVs79YG7wYoavh-o1ItaneLA",
    "chat_id": -1003356510729
  }
}